PassengerId,Pclass,Sex,Age,SibSp,Parch,Fare,Embarked,Survived
1,1,male,22.0,1,0,7.25,S,0
2,1,female,38.0,1,0,71.28,C,1
3,3,female,26.0,0,0,7.92,S,1
4,1,female,35.0,1,0,53.1,S,1
5,3,male,35.0,0,0,8.05,S,0
6,3,male,,0,0,8.46,Q,0
7,1,male,54.0,0,0,51.86,S,0
8,3,male,2.0,3,1,21.08,S,1
9,3,female,27.0,0,2,11.13,S,1
10,2,female,14.0,1,0,30.07,C,1
11,3,female,4.0,1,1,16.7,S,1
12,1,female,58.0,0,0,26.55,S,1
13,3,male,20.0,0,0,8.05,S,0
14,2,male,39.0,0,0,13.0,S,0
15,3,female,14.0,0,0,7.85,S,1
16,1,male,55.0,0,0,30.5,S,0
17,2,female,31.0,1,1,26.25,S,1
18,3,male,28.0,0,0,7.9,S,0
19,1,female,45.0,1,0,83.48,C,1
20,3,male,19.0,0,0,7.9,S,0
21,2,female,30.0,0,0,13.0,S,1
22,3,male,25.0,0,0,7.75,Q,0
23,1,female,36.0,1,0,78.85,C,1
24,2,male,,0,0,13.0,S,0
25,3,female,18.0,0,1,20.21,S,1
26,1,male,42.0,1,0,52.0,S,0
27,3,male,32.0,0,0,9.5,S,0
28,2,female,29.0,0,0,10.5,S,1
29,3,male,17.0,1,0,7.23,C,0
30,1,female,40.0,0,0,27.72,C,1
